username,password,totpSecret,role
role_admin_40,Test@1234!,UTEORHVKNKBNF3ED,admin
role_admin_41,Test@1234!,UWRDE7256QBA2APA,admin
role_admin_39,Test@1234!,ECJYZHK6ABJR4MKX,admin
role_admin_1,Test@1234!,XIXM2W4DLMCIJEX4,admin
role_admin_33,Test@1234!,3ZMEZEIDJAJMLU5V,admin
role_admin_19,Test@1234!,NLOPM4W6LGZMZJLT,admin
role_admin_31,Test@1234!,GV2PUBF54ICME25G,admin
role_admin_4,Test@1234!,SBDFKBLLUSWODBSJ,admin
role_admin_43,Test@1234!,7LUI23ZXV24T7QTK,admin
role_admin_17,Test@1234!,MRM2IGPBBYDXLKGH,admin
role_admin_50,Test@1234!,OY763ISRXTXAI7DB,admin
role_admin_37,Test@1234!,K3AEF3DN7BMWK32H,admin
role_admin_5,Test@1234!,2UQY2UHPBPFKQ5F6,admin
role_admin_18,Test@1234!,6SCWIQC2I7CCVNGK,admin
role_admin_26,Test@1234!,VSQ4ETY4B6BHCWRV,admin
role_admin_3,Test@1234!,STTCGV7F3ZT3GNEC,admin
role_admin_15,Test@1234!,UYFPPZJD3U2N4UPY,admin
role_admin_42,Test@1234!,OXJPYGMMEEPMAV3H,admin
role_admin_32,Test@1234!,CKDSN6P7SC47HLGH,admin
role_admin_22,Test@1234!,FVBPGK3PLCACIXE6,admin
role_admin_10,Test@1234!,K6XWVPPHYDBOXIMI,admin
role_admin_35,Test@1234!,IFWH2RYG7PNZTPQP,admin
role_admin_48,Test@1234!,HH5LYLOEPSDXVRJU,admin
role_admin_30,Test@1234!,MXWBVTEZLGOULTFB,admin
role_admin_25,Test@1234!,JTJ3CFAWC7PC7AI5,admin
role_admin_47,Test@1234!,A4M65CVIQP5USL63,admin
role_admin_38,Test@1234!,KNLRIFXXCM3WAZ6M,admin
role_admin_11,Test@1234!,OSNXL7Z2SPHR4BTE,admin
role_admin_16,Test@1234!,MPV6Z2G2TIC65AA5,admin
role_admin_6,Test@1234!,7YF57H6SV3JD7BDT,admin
role_admin_34,Test@1234!,IZSBNW4JOKA6JBJM,admin
role_admin_45,Test@1234!,ETZHO4LXH4T5LUNT,admin
role_admin_46,Test@1234!,4T2DJIFSQDFCRPYM,admin
role_admin_13,Test@1234!,ZVVI3DLADHJDVGHX,admin
role_admin_49,Test@1234!,BDTX2UP4OSD2CM77,admin
role_admin_12,Test@1234!,KIZTIO27DQIPPFYU,admin
role_admin_14,Test@1234!,65CHXRT5SJ3TY6XO,admin
role_admin_28,Test@1234!,SPX7XY6LTJ7N3MJ2,admin
role_admin_20,Test@1234!,7MTMK3QCZU6ZW2O4,admin
role_admin_44,Test@1234!,SKQIVNF7C2F4M3W2,admin
role_admin_21,Test@1234!,CGSI4EBKRNY4LVUN,admin
role_admin_2,Test@1234!,SLLGTGP4WQGZKJ7D,admin
role_admin_24,Test@1234!,JYWR5QWES5DOEW5R,admin
role_admin_8,Test@1234!,PUL4DCJ57KXRLSAN,admin
role_admin_9,Test@1234!,DNFO463GMCENVT36,admin
role_admin_23,Test@1234!,BW2B2DH2ZFV5HIUZ,admin
role_admin_27,Test@1234!,WBO636IPFA446YCM,admin
role_admin_36,Test@1234!,V67TR3ISPR5GD66A,admin
role_admin_7,Test@1234!,CFBENMC3F4XUXQBY,admin
role_admin_29,Test@1234!,TNFRAURXP6EM2C3P,admin
